Nama Produk; Kategori; Deskripsi Produk; Harga (Dalam Rupiah); Berat (Dalam Gram); Pemesanan Minimum; Status; Jumlah Stok; Etalase; Preorder; Waktu Proses Preorder; Kondisi; Gambar 1 ; Gambar 2; Gambar 3; Gambar 4; Gambar 5; URL Video Produk 1; URL Video Produk 2; URL Video Produk 3 
Baju Gamis Wanita Terbaru Gamis Jumbo Gamis Bahan Missbee 4L 9878;1889;Favoritkan toko kami untuk memudahkan pencarian barang, update produk BARU & PROMO SALE.  ITEM FLASH SALE, tidak perlu di tanya STOK PASTI READY. Untuk mendapatkan FREE ONGKIR, pembelian ini bisa dikombinasikan dengan produk lain Minimum belanja Rp 70.000 untuk J&T Minimum belanja Rp 150.000 untuk JNE  Nama/Kode item : 9878 Material : Missbee Ukuran : LD 112cm (4L) P 135cm  Foto kami semua asli dan sesuai barang, akan tetapi pasti ada perbedaan warna sekitar 10 persen bergantung dari masing masing smartphone/device customer. (Diluar kendali kami)  Jam kerja admin Senin s/d Sabtu 7.00 s/d 16.00 Minggu & Hari Besar Libur (Pengiriman hari sama, asalkan pembayaran sebelum jam 12 siang, dan stok tersedia);65000;300;1;Stock Tersedia;17;Fashion Muslim Wanita;;;Baru;https://cf.shopee.co.id/file/81cabd9a475f9edfdbf28565aadf0e20;https://cf.shopee.co.id/file/5630dff0c7c89fefb10e7404031322b1;https://cf.shopee.co.id/file/e70cf5b64c81b04e0a18ae4e679d9653;https://cf.shopee.co.id/file/6de84069e97e265f46018f898ac0e8b2;https://cf.shopee.co.id/file/9b0bfb7b2cda6068f6881565e9b8fb01;;;
Baju Gamis Wanita Gamis Busui Mutiara Bahan Wafer 6967;1889;Favoritkan toko kami untuk memudahkan pencarian barang, update produk BARU DAN PROMO SALE.   Nama/Kode item : 6967 Material : Wafer Lingkar Dada: 90cm Panjang : 125cm  Foto kami semua asli dan sesuai barang, akan tetapi pasti ada perbedaan warna sekitar 10 persen bergantung dari masing masing smartphone/device customer. (Diluar kendali kami)  Jam kerja admin Senin s/d Sabtu 7.00 s/d 16.00 Minggu & Hari Besar Libur (Pengiriman hari sama, asalkan pembayaran sebelum jam 12 siang, dan stok tersedia)  #gamisjumbo #gamispesta #gamisjersey #gamispolos #gamiswanita #bajugamiswanita #gamisbatik #gamismurah #gamisremaja #gamiputih #gamismaxmara;80000;300;1;Stock Tersedia;95;Fashion Muslim Wanita;;;Baru;https://cf.shopee.co.id/file/79c4e0e02035b412e3223b6fcbc7b2b9;;;;;;;
Baju Gamis Wanita Terbaru Gamis Batik Busui Jumbo Jersey Korea 4L 7056;1889;Untuk kenyamanan transaksi anda, silahkan membaca 'Catatan & Kebijakan' toko kami.  Favoritkan toko kami untuk memudahkan pencarian barang, update produk BARU & PROMO SALE.  Nama/Kode item : 7056 Material : Jersey Korea Ukuran : LD 112cm (4L) PB 135cm  Foto kami semua asli dan sesuai barang, akan tetapi pasti ada perbedaan warna sekitar 10 persen bergantung dari masing masing smartphone/device customer.  Jam kerja admin Senin s/d Sabtu 7.00 s/d 16.00 Minggu & Hari Besar Libur (Pengiriman hari sama, asalkan pembayaran sebelum jam 12 siang, dan stok tersedia);75000;300;1;Stock Tersedia;137;Fashion Muslim Wanita;;;Baru;https://cf.shopee.co.id/file/70a143ac12c6bdad8223732d0ab4aa25;https://cf.shopee.co.id/file/af4dd4fdb68932967ea46cd00b7829e9;https://cf.shopee.co.id/file/98df7d1f6c7ae223b7c3e89cfe49eb69;https://cf.shopee.co.id/file/56cc0e9b2e9c64fc4b601b846daa83e7;https://cf.shopee.co.id/file/1b7547bcb21ff342ff0f51c29dfcf1ac;;;
Baju Gamis Wanita Terbaru Gamis Polos Gamis Pesta Gamis Busui Bahan Babat Crepe 8992;1889;Untuk kenyamanan transaksi anda, silahkan membaca 'Catatan & Kebijakan' toko kami.  Favoritkan toko kami untuk memudahkan pencarian barang, update produk BARU DAN PROMO SALE.  Nama/Kode item : 8992 Free belt Material : Babat Crepe Ukuran LD 96cm (fit sampai LD 100cm) Panjang : 135cm  Foto kami semua asli dan sesuai barang, akan tetapi pasti ada perbedaan warna sekitar 10 persen bergantung dari masing masing smartphone/device customer. (Diluar kendali kami)  Jam kerja admin Senin s/d Sabtu 7.00 s/d 16.00 Minggu & Hari Besar Libur (Pengiriman hari sama, asalkan pembayaran sebelum jam 12 siang, dan stok tersedia)  #gamisjumbo #gamispesta #gamisjersey #gamispolos #gamiswanita #bajugamiswanita #gamisbatik #gamismurah #gamisremaja #gamiputih #gamismaxmara;85000;300;1;Stock Tersedia;36;Fashion Muslim Wanita;;;Baru;https://cf.shopee.co.id/file/22b1826b3deadd6fe082d25c0713c7a5;https://cf.shopee.co.id/file/4f17ef66751dde7f17dd92ab81cba3be;https://cf.shopee.co.id/file/4caf3420a5f9c229f68379f50e4d5ccb;;;;;
Baju Gamis Wanita Terbaru Gamis Pesta Gamis Polos Babat Crepe Kulit Jeruk 8132;1889;Favoritkan toko kami untuk memudahkan pencarian barang, update produk BARU DAN PROMO SALE.  Nama/Kode item : 8132 Material : Babat (kulit Jeruk) Lingkar Dada: 96cm Panjang Badan: 130cm  Foto kami semua asli dan sesuai barang, akan tetapi pasti ada perbedaan warna sekitar 10 persen bergantung dari masing masing smartphone/device customer. (Diluar kendali kami)  Jam kerja admin Senin s/d Sabtu 7.00 s/d 16.00 Minggu & Hari Besar Libur (Pengiriman hari sama, asalkan pembayaran sebelum jam 12 siang, dan stok tersedia)  #hijab #hitjab #hijablook #hijabwear #hijabfashion #bajumuslim #jualbajumuslim #jualbaju #jualhijabfashion #fashionmuslimah #fashionmuslim #grosirtanahabangjakarta #onlineshop #onlinejakarta #pgmta #grosirsolo #gamisjersey #tanahabang;95000;300;1;Stock Tersedia;168;Fashion Muslim Wanita;;;Baru;https://cf.shopee.co.id/file/caf920bab040d5c16f709d943ba6677d;https://cf.shopee.co.id/file/6e588c96c6ba631985dda7f16d3f4b1e;https://cf.shopee.co.id/file/42ffd290c6d966a235565874dbe6d10b;;;;;
Baju Gamis Wanita Terbaru Variasi Motek Babat Kulit Jeruk /Crepe 6925;1889;Favoritkan toko kami untuk memudahkan pencarian barang, update produk BARU DAN PROMO SALE.  Nama/Kode item : 6925 Material : Babat (Kulit Jeruk) Lingkar Dada: 96cm Panjang Badan: 130cm  Foto kami semua asli dan sesuai barang, akan tetapi pasti ada perbedaan warna sekitar 10 persen bergantung dari masing masing smartphone/device customer. (Diluar kendali kami)  Jam kerja admin Senin s/d Sabtu 7.00 s/d 16.00 Minggu & Hari Besar Libur (Pengiriman hari sama, asalkan pembayaran sebelum jam 12 siang, dan stok tersedia)  #hijab #hitjab #hijablook #hijabwear #hijabfashion #bajumuslim #jualbajumuslim #jualbaju #jualhijabfashion #fashionmuslimah #fashionmuslim #grosirtanahabangjakarta #onlineshop #onlinejakarta #pgmta #grosirsolo #gamisjersey #tanahabang;75000;300;1;Stock Tersedia;86;Fashion Muslim Wanita;;;Baru;https://cf.shopee.co.id/file/d40a0c44a7373d826e2bfeca508ec9e5;https://cf.shopee.co.id/file/b5db85498cb7e398140d9abd13a2c5e7;https://cf.shopee.co.id/file/19866b9c839e4cdef976a0c53f909287;;;;;
GAMIS MURAH! Baju Gamis Wanita Terbaru Baju Gamis Wanita Gendut Bahan Jersey 6L Gamis Jumbo 9820;1889;Untuk kenyamanan transaksi anda, silahkan membaca 'Catatan & Kebijakan' toko kami.  Favoritkan toko kami untuk memudahkan pencarian barang, update produk BARU DAN PROMO SALE.  Nama/Kode item : 9820 Material : Jersey Korea Ukuran : 6L - 120cm PB 135cm  Foto kami semua asli dan sesuai barang, akan tetapi pasti ada perbedaan warna sekitar 10 persen bergantung dari masing masing smartphone/device customer. (Diluar kendali kami)  Jam kerja admin Senin s/d Sabtu 7.00 s/d 16.00 Minggu & Hari Besar Libur (Pengiriman hari sama, asalkan pembayaran sebelum jam 12 siang, dan stok tersedia)  #gamisjumbo #gamispesta #gamisjersey #gamispolos #gamiswanita #bajugamiswanita #gamisbatik #gamismurah #gamisremaja #gamiputih #gamismaxmara;75000;300;1;Stock Tersedia;198;Fashion Muslim Wanita;;;Baru;https://cf.shopee.co.id/file/4a5313aa0fe925747b8fef2ca782bf0e;https://cf.shopee.co.id/file/8469a9bf4e5b3aeacd7c5a0113d111f9;https://cf.shopee.co.id/file/a00abcbe4daa2e84ac68310122eb90e8;;;;;
Baju Gamis Wanita Terbaru Gamis Pesta Remaja Gamis Crepe Onde 8211;1889;Favoritkan toko kami untuk memudahkan pencarian barang, update produk BARU DAN PROMO SALE.   Nama/Kode item : 8211 Material : Crepe kombinasi onde LD 100cm Panjang : 135cm  Foto kami semua asli dan sesuai barang, akan tetapi pasti ada perbedaan warna sekitar 10 persen bergantung dari masing masing smartphone/device customer. (Diluar kendali kami)  Jam kerja admin Senin s/d Sabtu 7.00 s/d 16.00 Minggu & Hari Besar Libur (Pengiriman hari sama, asalkan pembayaran sebelum jam 12 siang, dan stok tersedia)  #gamisjumbo #gamispesta #gamisjersey #gamispolos #gamiswanita #bajugamiswanita #gamisbatik #gamismurah #gamisremaja #gamiputih #gamismaxmara;105000;300;1;Stock Tersedia;24;Fashion Muslim Wanita;;;Baru;https://cf.shopee.co.id/file/ef9f8bac1e5c5c381061c5f65b167295;https://cf.shopee.co.id/file/1c5a6423b92fd4453311fbe96fea9e6f;https://cf.shopee.co.id/file/3dd828d706cd93dd802f8eb4f8b9b04e;;;;;
GAMIS JERSEY MURAH! Gamis Wanita Jersey Jumbo XXL 6825/6827;1889;Favoritkan toko kami untuk memudahkan pencarian barang, update produk BARU DAN PROMO SALE.  Nama/Kode item : 6825/6827 Material : Jersey Korea Ukuran : XXL LD 106CM Panjang : 135cm  NOTE: Pengambilan motif TIDAK akan persis FOTO. Posisi motif bisa berbeda karena ini produksi massal, bukan produksi satuan.  Foto kami semua asli dan sesuai barang, akan tetapi pasti ada perbedaan warna sekitar 10 persen bergantung dari masing masing smartphone/device customer. (Diluar kendali kami)  Jam kerja admin Senin s/d Sabtu 7.00 s/d 16.00 Minggu & Hari Besar Libur (Pengiriman hari sama, asalkan pembayaran sebelum jam 12 siang, dan stok tersedia)  #gamisjumbo #gamispesta #gamisjersey #gamispolos #gamiswanita #bajugamiswanita #gamisbatik #gamismurah #gamisremaja #gamiputih #gamismaxmara;65000;300;1;Stock Tersedia;113;Fashion Muslim Wanita;;;Baru;https://cf.shopee.co.id/file/f50097bbad737f8788f2399367b65997;https://cf.shopee.co.id/file/1afe6a17b7cebdd4ac31baf6dc270782;https://cf.shopee.co.id/file/bbc46e0f103036031a828ff9f76311c3;;;;;
Baju Gamis Wanita Terbaru Gamis Busui Jumbo Jersey Korea 4L 6978;1889;Favoritkan toko kami untuk memudahkan pencarian barang, update produk BARU & PROMO SALE.  Nama/Kode item : 6978 Material : Jersey Korea Ukuran : LD 112cm (4L) P 135cm  Foto kami semua asli dan sesuai barang, akan tetapi pasti ada perbedaan warna sekitar 10 persen bergantung dari masing masing smartphone/device customer. (Diluar kendali kami)  Jam kerja admin Senin s/d Sabtu 7.00 s/d 16.00 Minggu & Hari Besar Libur (Pengiriman hari sama, asalkan pembayaran sebelum jam 12 siang, dan stok tersedia);75000;300;1;Stock Tersedia;47;Fashion Muslim Wanita;;;Baru;https://cf.shopee.co.id/file/ffc91d08356dab43ed14625f41a224f4;https://cf.shopee.co.id/file/534a5b876a46acb1869efccb71c322fb;https://cf.shopee.co.id/file/4ebfe65f415478fb2f8d75e15ae1c1fa;https://cf.shopee.co.id/file/f4ec6b4935ad596b005b9a3cf2319467;;;;
Baju Gamis Wanita Terbaru Gamis Jumbo Gamis Sablon Kaos Misty 9890;1889;Favoritkan toko kami untuk memudahkan pencarian barang, update produk BARU DAN PROMO SALE.  Nama/Kode item : 9890 Material : Kaos Misty Ukuran : LD 96cm Panjang Baju 135cm  Foto kami semua asli dan sesuai barang, akan tetapi pasti ada perbedaan warna sekitar 10 persen bergantung dari masing masing smartphone/device customer. (Diluar kendali kami)  Jam kerja admin Senin s/d Sabtu 7.00 s/d 16.00 Minggu & Hari Besar Libur (Pengiriman hari sama, asalkan pembayaran sebelum jam 12 siang, dan stok tersedia)    #gamisjumbo #gamispesta #gamisjersey #gamispolos #gamiswanita #bajugamiswanita #gamisbatik #gamismurah #gamisremaja #gamiputih #gamismaxmara;85000;300;1;Stock Tersedia;49;Fashion Muslim Wanita;;;Baru;https://cf.shopee.co.id/file/4263c7f03fec37528d1a3d1472572208;https://cf.shopee.co.id/file/a32b806e195818d0b43f50579480ca4e;;;;;;
Baju Gamis Wanita Gamis Jersey Gamis Jumbo Busui XXL 7015;1889;Favoritkan toko kami untuk memudahkan pencarian barang, update produk BARU DAN PROMO SALE.  Nama/Kode item : 7015 Material : Jersey Korea LD 106cm Panjang : 135cm  Foto kami semua asli dan sesuai barang, akan tetapi pasti ada perbedaan warna sekitar 10 persen bergantung dari masing masing smartphone/device customer. (Diluar kendali kami)  Jam kerja admin Senin s/d Sabtu 7.00 s/d 16.00 Minggu & Hari Besar Libur (Pengiriman hari sama, asalkan pembayaran sebelum jam 12 siang, dan stok tersedia)  #gamisjumbo #gamispesta #gamisjersey #gamispolos #gamiswanita #bajugamiswanita #gamisbatik #gamismurah #gamisremaja #gamiputih #gamismaxmara;100000;300;1;Stock Tersedia;53;Fashion Muslim Wanita;;;Baru;https://cf.shopee.co.id/file/c7d951dd1ceff7ff6f3cc586a5926344;https://cf.shopee.co.id/file/aa71e094a1273e0dd013de36a8cfd065;https://cf.shopee.co.id/file/b2b6395fea40b20554f7a2a1f3a80c4d;;;;;
Baju Gamis Wanita Terbaru Gamis Jumbo Jersey Dior Salur Ukuran 4L 9856;1889;Favoritkan toko kami untuk memudahkan pencarian barang, update produk BARU & PROMO SALE.  Nama/Kode item : 9856 Material : Jersey Dior Salur Ukuran : LD 112cm (4L) PB 135cm  Foto kami semua asli dan sesuai barang, akan tetapi pasti ada perbedaan warna sekitar 10 persen bergantung dari masing masing smartphone/device customer. (Diluar kendali kami)  Jam kerja admin Senin s/d Sabtu 7.00 s/d 16.00 Minggu & Hari Besar Libur (Pengiriman hari sama, asalkan pembayaran sebelum jam 12 siang, dan stok tersedia);70000;300;1;Stock Tersedia;132;Fashion Muslim Wanita;;;Baru;https://cf.shopee.co.id/file/1f997ff55479bcebbe794a9d1447e03e;https://cf.shopee.co.id/file/33dbc1821c664c4c12ef029c8a6b8a96;;;;;;
BEST SELLER! Baju Gamis Wanita Gamis Jumbo 4L Gamis Jersey Missbee 9800;1889;Note: Mohon maaf warna BLACK kosong & tidak produksi lagi.  Favoritkan toko kami untuk memudahkan pencarian barang, update produk BARU DAN PROMO SALE.  Nama/Kode item : 9800 Material : Jersey Missbee  (Silahkan Google bahan Missbee) Ukuran : Size 4L : LD 112cm Panjang : 135cm  Foto kami semua asli dan sesuai barang, akan tetapi pasti ada perbedaan warna sekitar 10 persen bergantung dari masing masing smartphone/device customer. (Diluar kendali kami)  Jam kerja admin Senin s/d Sabtu 7.00 s/d 16.00 Minggu & Hari Besar Libur (Pengiriman hari sama, asalkan pembayaran sebelum jam 12 siang, dan stok tersedia);82500;300;1;Stock Tersedia;278;Fashion Muslim Wanita;;;Baru;https://cf.shopee.co.id/file/119253a81a6fce7a65392b80ec868698;https://cf.shopee.co.id/file/57502cc23b780f5fd4ac181ce18dde2b;https://cf.shopee.co.id/file/e2e2e320c5a2008fe094cee4410eddee;;;;;
Baju Gamis Wanita Gamis Kancing Samping Bahan Wafer 8154;1889;Favoritkan toko kami untuk memudahkan pencarian barang, update produk BARU DAN PROMO SALE.  Nama/Kode item : 8154 Material : Wafer Lingkar Dada: 90cm Panjang : 135cm  Foto kami semua asli dan sesuai barang, akan tetapi pasti ada perbedaan warna sekitar 10 persen bergantung dari masing masing smartphone/device customer. (Diluar kendali kami)  Jam kerja admin Senin s/d Sabtu 7.00 s/d 16.00 Minggu & Hari Besar Libur (Pengiriman hari sama, asalkan pembayaran sebelum jam 12 siang, dan stok tersedia)  #gamisjumbo #gamispesta #gamisjersey #gamispolos #gamiswanita #bajugamiswanita #gamisbatik #gamismurah #gamisremaja #gamiputih #gamismaxmara;85000;300;1;Stock Tersedia;45;Fashion Muslim Wanita;;;Baru;https://cf.shopee.co.id/file/5d55909f12f5c0db7751137061f8e2f1;https://cf.shopee.co.id/file/4e2b3fbc1f098e1914eb21f5ba621f50;https://cf.shopee.co.id/file/c1ddf6db5bc6c985a9afdf45d813a388;https://cf.shopee.co.id/file/cdd340771abd2e2f6e8d757cebff9eae;https://cf.shopee.co.id/file/f099d22ec4da3de41fa44170ee4684bd;;;
Baju Gamis Wanita Terbaru Gamis BCL Gamis Jersey Belmont 8138;1889;Favoritkan toko kami untuk memudahkan pencarian barang, update produk BARU DAN PROMO SALE.  Nama/Kode item : 8138 Material : Jersey Belmont (Berat jatuhnya bagus dan tebal) LD 100cm Panjang : 135cm  Foto kami semua asli dan sesuai barang, akan tetapi pasti ada perbedaan warna sekitar 10 persen bergantung dari masing masing smartphone/device customer. (Diluar kendali kami)  Jam kerja admin Senin s/d Sabtu 7.00 s/d 16.00 Minggu & Hari Besar Libur (Pengiriman hari sama, asalkan pembayaran sebelum jam 12 siang, dan stok tersedia)  #gamisjumbo #gamispesta #gamisjersey #gamispolos #gamiswanita #bajugamiswanita #gamisbatik #gamismurah #gamisremaja #gamiputih #gamismaxmara;130000;300;1;Stock Tersedia;44;Fashion Muslim Wanita;;;Baru;https://cf.shopee.co.id/file/d325b4bac45588059d07e2447d024359;https://cf.shopee.co.id/file/81bbb6ef88996d50ac9748ef167795a6;https://cf.shopee.co.id/file/61f5978f695edaa18619b3481cf14bcb;https://cf.shopee.co.id/file/738849175de3ae863a01a75d7d4e9b1e;https://cf.shopee.co.id/file/f0241537e435248072c1062dd9507e0b;;;
Baju Gamis Wanita Terbaru Gamis BCL Gamis Jersey Belmont Gamis Syari 8187;1889;Untuk kenyamanan transaksi anda, silahkan membaca 'Catatan & Kebijakan' toko kami.  Favoritkan toko kami untuk memudahkan pencarian barang, update produk BARU DAN PROMO SALE.   Nama/Kode item : 8187 Material : Jersey Belmont (Berat jatuhnya bagus dan tebal) LD 100cm Panjang : 135cm  Foto kami semua asli dan sesuai barang, akan tetapi pasti ada perbedaan warna sekitar 10 persen bergantung dari masing masing smartphone/device customer. (Diluar kendali kami)  Jam kerja admin Senin s/d Sabtu 7.00 s/d 16.00 Minggu & Hari Besar Libur (Pengiriman hari sama, asalkan pembayaran sebelum jam 12 siang, dan stok tersedia)  #gamisjumbo #gamispesta #gamisjersey #gamispolos #gamiswanita #bajugamiswanita #gamisbatik #gamismurah #gamisremaja #gamiputih #gamismaxmara;130000;300;1;Stock Tersedia;60;Fashion Muslim Wanita;;;Baru;https://cf.shopee.co.id/file/f0b372befa36aa170c6acafc32722dc6;https://cf.shopee.co.id/file/cc0925079cf30d3398cb94a8ee1986da;https://cf.shopee.co.id/file/6dcffdb1f70e08c30e988eb0a948400f;https://cf.shopee.co.id/file/87cacfae6c4c4c4fa321c3cc9c45eac6;https://cf.shopee.co.id/file/248759306f14016e67c27775ceccc61f;;;
Baju Gamis Wanita Terbaru Gamis Jumbo Gamis Jersey Missbe 4L 9877;1889;Favoritkan toko kami untuk memudahkan pencarian barang, update produk BARU & PROMO SALE.  Nama/Kode item : 6947 Material : Jersey Dior  Ukuran : LD 112cm (4L) PB 135cm  *Cantumkan size dan warna saat melakukan pemesanan. Tidak mencantumkan size maka dikirim random.  Foto kami semua asli dan sesuai barang, akan tetapi pasti ada perbedaan warna sekitar 10 persen bergantung dari masing masing smartphone/device customer. (Diluar kendali kami)  Jam kerja admin Senin s/d Sabtu 7.00 s/d 16.00 Minggu & Hari Besar Libur (Pengiriman hari sama, asalkan pembayaran sebelum jam 12 siang, dan stok tersedia);75000;300;1;Stock Tersedia;67;Fashion Muslim Wanita;;;Baru;https://cf.shopee.co.id/file/e4ec3378b3dc6cca65b704e52c6e4eb9;https://cf.shopee.co.id/file/9f5ba8375c65981230246397f7f4a208;;;;;;
Baju Gamis Wanita Terbaru Gamis BCL Gamis Jersey Belmont 8182;1889;Favoritkan toko kami untuk memudahkan pencarian barang, update produk BARU DAN PROMO SALE.  Nama/Kode item : 8182 Material : Jersey Belmont (Berat jatuhnya bagus dan tebal) LD 100cm Panjang : 135cm  Foto kami semua asli dan sesuai barang, akan tetapi pasti ada perbedaan warna sekitar 10 persen bergantung dari masing masing smartphone/device customer. (Diluar kendali kami)  Jam kerja admin Senin s/d Sabtu 7.00 s/d 16.00 Minggu & Hari Besar Libur (Pengiriman hari sama, asalkan pembayaran sebelum jam 12 siang, dan stok tersedia)  #gamisjumbo #gamispesta #gamisjersey #gamispolos #gamiswanita #bajugamiswanita #gamisbatik #gamismurah #gamisremaja #gamiputih #gamismaxmara;130000;300;1;Stock Tersedia;26;Fashion Muslim Wanita;;;Baru;https://cf.shopee.co.id/file/cee5c41af3fd74d692a1f0567cd03b0e;https://cf.shopee.co.id/file/2843eea5db7e899a8e9691851ef654f8;https://cf.shopee.co.id/file/3b8b4152779d6a99ce56dd092ce7dcc5;;;;;
PROMO GAMIS MURAH! Baju Gamis Wanita Gamis Jumbo 4L Kaos Import 9373;1889;Untuk kenyamanan transaksi anda, silahkan membaca 'Catatan & Kebijakan' toko kami.  Favoritkan toko kami untuk memudahkan pencarian barang, update produk BARU DAN PROMO SALE.  Nama/Kode item : 9373 Material : Kaos Import Ukuran : 4L (LD 112 ) Panjang : 130cm  Foto kami semua asli dan sesuai barang, akan tetapi pasti ada perbedaan warna sekitar 10 persen bergantung dari masing masing smartphone/device customer.  #gamisjumbo #gamispesta #gamisjersey #gamispolos #gamiswanita #bajugamiswanita #gamisbatik #gamismurah #gamisremaja #gamiputih #gamismaxmara;65000;300;1;Stock Tersedia;36;Fashion Muslim Wanita;;;Baru;https://cf.shopee.co.id/file/4c9c10975075214825e34457acabb86a;https://cf.shopee.co.id/file/0d64344cd2aff11ff8bfd1200da0e805;https://cf.shopee.co.id/file/c51c55ba84726986ba89572acaea3446;https://cf.shopee.co.id/file/c2e6501d1d8fcffa1c56c785711e5911;;;;
GAMIS BABAT HIGH QUALITY!! Baju Gamis Wanita Gamis Babat Mutiara 8133;1889;Favoritkan toko kami untuk memudahkan pencarian barang, update produk BARU DAN PROMO SALE.  Nama/Kode item : 8133 Material : Babat (kulit Jeruk) Lingkar Dada: 96cm Panjang Badan: 130cm  Foto kami semua asli dan sesuai barang, akan tetapi pasti ada perbedaan warna sekitar 10 persen bergantung dari masing masing smartphone/device customer. (Diluar kendali kami)  Jam kerja admin Senin s/d Sabtu 7.00 s/d 16.00 Minggu & Hari Besar Libur (Pengiriman hari sama, asalkan pembayaran sebelum jam 12 siang, dan stok tersedia)  #hijab #hitjab #hijablook #hijabwear #hijabfashion #bajumuslim #jualbajumuslim #jualbaju #jualhijabfashion #fashionmuslimah #fashionmuslim #grosirtanahabangjakarta #onlineshop #onlinejakarta #pgmta #grosirsolo #gamisjersey #tanahabang;95000;300;1;Stock Tersedia;40;Fashion Muslim Wanita;;;Baru;https://cf.shopee.co.id/file/fb6f50c4c4ad63e802d6ba74c0445881;;;;;;;
Kerudung Segi Empat Hijab Voal Premium Jilbab Segiempat;1904;Kerudung Segi Empat Hijab Voal Premium Jilbab Segiempat  Sering kecewa beli hijab voal online? Coba dulu produk kita, dijamin tidak menyesal dengan kualitas bahannya. Tidak lecek, nyaman dan tidak panas.  Ada harga, ada barang kk :)  Jahitan tepi, jadi lebih rapih dan tidak mudah rusak seperti di neci.  Tersedia dalam 10 warna: 1. Black 2. Cream 3. Choco 4. Maroon 5. Pink 6. Ovaltine 7. Navy 8. Pemda 9. Dark Grey 10. Light Grey Size 110cmx110cm  Oh ya, produk ini juga bisa dikombinasikan dengan produk gamis kami lainnya. Kurang jumlah pembelanjaan untuk mendapatkan free ongkir? Ini Solusinya :);37500;300;1;Stock Tersedia;61;Fashion Muslim Wanita;;;Baru;https://cf.shopee.co.id/file/012883ca7d331c6bbe8ca44372f63f14;https://cf.shopee.co.id/file/8dfa0679609b6ea627eb76419980b966;https://cf.shopee.co.id/file/8832193984a6cb9b4bc2c6feb9739f8f;https://cf.shopee.co.id/file/566d66a2ca02927e98c608ba820df4d2;https://cf.shopee.co.id/file/28612b25d2d3b52b9f62f67e3af65362;;;
Baju Gamis Wanita Terbaru Gamis BCL Gamis Jersey Belmont 8180;1889;Favoritkan toko kami untuk memudahkan pencarian barang, update produk BARU DAN PROMO SALE.  Nama/Kode item : 8180 Material : Jersey Belmont (Berat jatuhnya bagus dan tebal) LD 100cm Panjang : 135cm  Foto kami semua asli dan sesuai barang, akan tetapi pasti ada perbedaan warna sekitar 10 persen bergantung dari masing masing smartphone/device customer. (Diluar kendali kami)  Jam kerja admin Senin s/d Sabtu 7.00 s/d 16.00 Minggu & Hari Besar Libur (Pengiriman hari sama, asalkan pembayaran sebelum jam 12 siang, dan stok tersedia)  #gamisjumbo #gamispesta #gamisjersey #gamispolos #gamiswanita #bajugamiswanita #gamisbatik #gamismurah #gamisremaja #gamiputih #gamismaxmara;130000;300;1;Stock Tersedia;23;Fashion Muslim Wanita;;;Baru;https://cf.shopee.co.id/file/0d08e2faada91ddd5b2ef260dd24fa39;https://cf.shopee.co.id/file/23b21e1e1f0eed39ccbc809a6550f0f2;https://cf.shopee.co.id/file/15589dbc81ab46529cdcb1029c83674a;https://cf.shopee.co.id/file/10ec5431c1b80e469ac90ebb6dbe2497;https://cf.shopee.co.id/file/0bbefadbd12616d42fb2cfe395187f55;;;
Gamis Jersey Belmont Kombinasi Motek Baju Gamis Wanita Terbaru Gamis Syari Dress Maxi 8205;1889;Gamis Jersey Belmont Kombinasi Motek Baju Gamis Wanita Terbaru 8205  Untuk kenyamanan transaksi anda, silahkan membaca 'Catatan & Kebijakan' toko kami.  Favoritkan toko kami untuk memudahkan pencarian barang, update produk BARU & PROMO SALE.  Kode barang: 8205 Detail: Jersey Belmont motif kombinasi Jersey Belmont Polos Variasi motek Tali pinggang ikat belakang Ld 100cm Pb 135cm   Foto kami semua asli dan sesuai barang, akan tetapi pasti ada perbedaan warna sekitar 10 persen bergantung dari masing masing smartphone/device customer.  Jam kerja admin Senin s/d Sabtu 7.00 s/d 16.00 Minggu & Hari Besar Libur (Pengiriman hari sama, asalkan pembayaran sebelum jam 12 siang, dan stok tersedia);140000;300;1;Stock Tersedia;16;Fashion Muslim Wanita;;;Baru;https://cf.shopee.co.id/file/50bbfcfa6827699dea5cd3b0b598a453;;;;;;;
Baju Gamis Wanita Terbaru Gamis Pesta Jersey Belmont Gamis Busui 8206;1889;Untuk kenyamanan transaksi anda, silahkan membaca 'Catatan & Kebijakan' toko kami.  Favoritkan toko kami untuk memudahkan pencarian barang, update produk BARU DAN PROMO SALE.   Nama/Kode item : 8206 Material : Jersey Belmont (Berat jatuhnya bagus dan tebal) LD 100cm Panjang : 135cm  Foto kami semua asli dan sesuai barang, akan tetapi pasti ada perbedaan warna sekitar 10 persen bergantung dari masing masing smartphone/device customer. (Diluar kendali kami)  Jam kerja admin Senin s/d Sabtu 7.00 s/d 16.00 Minggu & Hari Besar Libur (Pengiriman hari sama, asalkan pembayaran sebelum jam 12 siang, dan stok tersedia)  #gamisjumbo #gamispesta #gamisjersey #gamispolos #gamiswanita #bajugamiswanita #gamisbatik #gamismurah #gamisremaja #gamiputih #gamismaxmara;110000;300;1;Stock Tersedia;39;Fashion Muslim Wanita;;;Baru;https://cf.shopee.co.id/file/dcb6524bb87b93d78fc5aa2f7abd638a;;;;;;;
Baju Gamis Wanita Terbaru Gamis Jumbo Gamis Bahan Missbee 4L 9869;1889;Favoritkan toko kami untuk memudahkan pencarian barang, update produk BARU & PROMO SALE.  Nama/Kode item : 9869 Material : Missbee Ukuran : LD 112cm (4L) P 135cm  Foto kami semua asli dan sesuai barang, akan tetapi pasti ada perbedaan warna sekitar 10 persen bergantung dari masing masing smartphone/device customer. (Diluar kendali kami)  Jam kerja admin Senin s/d Sabtu 7.00 s/d 16.00 Minggu & Hari Besar Libur (Pengiriman hari sama, asalkan pembayaran sebelum jam 12 siang, dan stok tersedia);65000;300;1;Stock Tersedia;105;Fashion Muslim Wanita;;;Baru;https://cf.shopee.co.id/file/51a55d81b9754a434c2569442aee0c54;;;;;;;
Baju Gamis Wanita Terbaru Gamis Busui Gamis Polos Katun L-XL 9886/9887;1889;Untuk kenyamanan transaksi anda, silahkan membaca 'Catatan & Kebijakan' toko kami.  Favoritkan toko kami untuk memudahkan pencarian barang, update produk BARU DAN PROMO SALE.  Nama/Kode item : 9886/9887 Material : Katun Rayon L LD 94cm XL LD 100cm Panjang : 130cm  Foto kami semua asli dan sesuai barang, akan tetapi pasti ada perbedaan warna sekitar 10 persen bergantung dari masing masing smartphone/device customer.  Jam kerja admin Senin s/d Sabtu 7.00 s/d 16.00 Minggu & Hari Besar Libur (Pengiriman hari sama, asalkan pembayaran sebelum jam 12 siang, dan stok tersedia);85000;300;1;Stock Tersedia;88;Fashion Muslim Wanita;;;Baru;https://cf.shopee.co.id/file/95a9a53f73eed07c40659b431cc79d6f;https://cf.shopee.co.id/file/43ff6c3fe62eb695f5b762ba621b5c51;;;;;;
Baju Gamis Wanita Terbaru Gamis Jersey Belmont Gamis Jumbo XXL 6993;1889;Untuk kenyamanan transaksi anda, silahkan membaca 'Catatan & Kebijakan' toko kami.  Favoritkan toko kami untuk memudahkan pencarian barang, update produk BARU DAN PROMO SALE.   Nama/Kode item : 6993 Material : Jersey Belmont (Berat jatuhnya bagus dan tebal) LD 106cm Panjang : 135cm  Foto kami semua asli dan sesuai barang, akan tetapi pasti ada perbedaan warna sekitar 10 persen bergantung dari masing masing smartphone/device customer. (Diluar kendali kami)  Jam kerja admin Senin s/d Sabtu 7.00 s/d 16.00 Minggu & Hari Besar Libur (Pengiriman hari sama, asalkan pembayaran sebelum jam 12 siang, dan stok tersedia)  #gamisjumbo #gamispesta #gamisjersey #gamispolos #gamiswanita #bajugamiswanita #gamisbatik #gamismurah #gamisremaja #gamiputih #gamismaxmara;100000;300;1;Stock Tersedia;32;Fashion Muslim Wanita;;;Baru;https://cf.shopee.co.id/file/1c601e607bcb462b58547c3c93ca6e6e;https://cf.shopee.co.id/file/395b32f9209c0ca4182208a03252f97e;https://cf.shopee.co.id/file/2797ea768f5e16331ef52ee459a322cb;;;;;
Baju Gamis Wanita Terbaru Gamis BCL Gamis Jersey Belmont Gamis Polos 016812;1889;Favoritkan toko kami untuk memudahkan pencarian barang, update produk BARU DAN PROMO SALE.  Nama/Kode item : 6812 Material : Jersey Belmont (Berat jatuhnya bagus dan tebal) LD 100cm Panjang : 135cm  Foto kami semua asli dan sesuai barang, akan tetapi pasti ada perbedaan warna sekitar 10 persen bergantung dari masing masing smartphone/device customer. (Diluar kendali kami)  Jam kerja admin Senin s/d Sabtu 7.00 s/d 16.00 Minggu & Hari Besar Libur (Pengiriman hari sama, asalkan pembayaran sebelum jam 12 siang, dan stok tersedia);130000;300;1;Stock Tersedia;23;Fashion Muslim Wanita;;;Baru;https://cf.shopee.co.id/file/0dc6261d4503203b6d17c2769cc6eb1c;;;;;;;
Baju Gamis Wanita Terbaru Gamis Pesta Variasi Pita Bahan Babat Crepe 6594;1889;Favoritkan toko kami untuk memudahkan pencarian barang, update produk BARU DAN PROMO SALE.  Nama/Kode item : 6594 Material : Babat (Kulit Jeruk) Lingkar Dada: 96cm Panjang Badan: 130cm  Foto kami semua asli dan sesuai barang, akan tetapi pasti ada perbedaan warna sekitar 10 persen bergantung dari masing masing smartphone/device customer. (Diluar kendali kami)  Jam kerja admin Senin s/d Sabtu 7.00 s/d 16.00 Minggu & Hari Besar Libur (Pengiriman hari sama, asalkan pembayaran sebelum jam 12 siang, dan stok tersedia)  #hijab #hitjab #hijablook #hijabwear #hijabfashion #bajumuslim #jualbajumuslim #jualbaju #jualhijabfashion #fashionmuslimah #fashionmuslim #grosirtanahabangjakarta #onlineshop #onlinejakarta #pgmta #grosirsolo #gamisjersey #tanahabang;95000;300;1;Stock Tersedia;1;Fashion Muslim Wanita;;;Baru;https://cf.shopee.co.id/file/9f0bf19c307677024d87d457bafb879a;;;;;;;
BEST SELLER! Baju Gamis Wanita Terbaru Gamis Jumbo 4L Gamis Jersey Missbee 6871;1889;Untuk kenyamanan transaksi anda, silahkan membaca 'Catatan & Kebijakan' toko kami.  Favoritkan toko kami untuk memudahkan pencarian barang, update produk BARU DAN PROMO SALE.  Nama/Kode item : 6871 Material : Jersey Missbee  (Silahkan Google bahan Missbee) Ukuran : 4L LD 112cm Panjang : 135cm  Foto kami semua asli dan sesuai barang, akan tetapi pasti ada perbedaan warna sekitar 10 persen bergantung dari masing masing smartphone/device customer. (Diluar kendali kami)  Jam kerja admin Senin s/d Sabtu 7.00 s/d 16.00 Minggu & Hari Besar Libur (Pengiriman hari sama, asalkan pembayaran sebelum jam 12 siang, dan stok tersedia)  #gamisjumbo #gamispesta #gamisjersey #gamispolos #gamiswanita #bajugamiswanita #gamisbatik #gamismurah #gamisremaja #gamiputih #gamismissbee;82500;300;1;Stock Tersedia;266;Fashion Muslim Wanita;;;Baru;https://cf.shopee.co.id/file/f0c5beb83c12774949bded5d0ffbb323;https://cf.shopee.co.id/file/f4e992bac15cce7f601424ae9346556c;https://cf.shopee.co.id/file/b2e031825e7fe127eb94669e25068195;;;;;
Baju Gamis Wanita Terbaru Gamis Jumbo Jersey Korea 4L 6962;1889;Favoritkan toko kami untuk memudahkan pencarian barang, update produk BARU & PROMO SALE.  Nama/Kode item : 6962 Material : Jersey Korea Ukuran : LD 114cm (4L) P 135cm  Foto kami semua asli dan sesuai barang, akan tetapi pasti ada perbedaan warna sekitar 10 persen bergantung dari masing masing smartphone/device customer. (Diluar kendali kami)  Jam kerja admin Senin s/d Sabtu 7.00 s/d 16.00 Minggu & Hari Besar Libur (Pengiriman hari sama, asalkan pembayaran sebelum jam 12 siang, dan stok tersedia);75000;300;1;Stock Tersedia;96;Fashion Muslim Wanita;;;Baru;https://cf.shopee.co.id/file/641166f1c3b7e3e02439b07b7a40d05d;https://cf.shopee.co.id/file/96f29a8617c36e07cbfc42c7cdab6b8d;https://cf.shopee.co.id/file/022ce04e43f68742bee22c0b22415011;;;;;
Baju Gamis Wanita Terbaru Gamis Jumbo Gamis Jersey Dior Bunga 4L 6947;1889;Favoritkan toko kami untuk memudahkan pencarian barang, update produk BARU & PROMO SALE.  Nama/Kode item : 6947 Material : Jersey Dior  Ukuran : LD 112cm (4L) P 135cm  Foto kami semua asli dan sesuai barang, akan tetapi pasti ada perbedaan warna sekitar 10 persen bergantung dari masing masing smartphone/device customer. (Diluar kendali kami)  Jam kerja admin Senin s/d Sabtu 7.00 s/d 16.00 Minggu & Hari Besar Libur (Pengiriman hari sama, asalkan pembayaran sebelum jam 12 siang, dan stok tersedia);75000;300;1;Stock Tersedia;1;Fashion Muslim Wanita;;;Baru;https://cf.shopee.co.id/file/06a442a8403898bd921520e886e7d159;https://cf.shopee.co.id/file/3b62dc309dd409272eae4458de0e83a4;https://cf.shopee.co.id/file/0086a4dc784c1ead91f600dca8ed8f7c;;;;;
Baju Gamis Wanita Terbaru Gamis Jumbo Gamis Missbee 4L 9858;1889;Favoritkan toko kami untuk memudahkan pencarian barang, update produk BARU & PROMO SALE.  Nama/Kode item : 9858 Material : Missbee Ukuran : LD 112cm  PB 135cm  Foto kami semua asli dan sesuai barang, akan tetapi pasti ada perbedaan warna sekitar 10 persen bergantung dari masing masing smartphone/device customer. (Diluar kendali kami)  Jam kerja admin Senin s/d Sabtu 7.00 s/d 16.00 Minggu & Hari Besar Libur (Pengiriman hari sama, asalkan pembayaran sebelum jam 12 siang, dan stok tersedia);75000;300;1;Stock Tersedia;152;Fashion Muslim Wanita;;;Baru;https://cf.shopee.co.id/file/2010b0114c80a9053e24cd32e2bc8c8b;https://cf.shopee.co.id/file/367650babe5e6433764b16153b81d4c4;;;;;;
Baju Gamis Wanita Terbaru Baju Gamis Wanita Gendut Gamis Jersey Gamis Jumbo 6L 9868;1889;Untuk kenyamanan transaksi anda, silahkan membaca 'Catatan & Kebijakan' toko kami.  Favoritkan toko kami untuk memudahkan pencarian barang, update produk BARU & PROMO SALE.  Nama/Kode item : 9868 Material : Jersey Korea Ukuran : LD 120cm (6L) PB 135cm  Foto kami semua asli dan sesuai barang, akan tetapi pasti ada perbedaan warna sekitar 10 persen bergantung dari masing masing smartphone/device customer. (Diluar kendali kami)  Jam kerja admin Senin s/d Sabtu 7.00 s/d 16.00 Minggu & Hari Besar Libur (Pengiriman hari sama, asalkan pembayaran sebelum jam 12 siang, dan stok tersedia);75000;300;1;Stock Tersedia;50;Fashion Muslim Wanita;;;Baru;https://cf.shopee.co.id/file/e4fcef20d526f19e01ec89dc26445004;https://cf.shopee.co.id/file/e037e0b6a5e60295933dc2c6a0d7d4ad;;;;;;
Baju Gamis Wanita Terbaru Gamis Busui Gamis Missbee Sleting Depan 9893;1889;Untuk kenyamanan transaksi anda, silahkan membaca 'Catatan & Kebijakan' toko kami. Favoritkan toko kami untuk memudahkan pencarian barang, update produk BARU & PROMO SALE.  Nama/Kode item : 9893 Material : Missbee Ukuran : LD 96cm (fit to XL) P 135cm  Foto kami semua asli dan sesuai barang, akan tetapi pasti ada perbedaan warna sekitar 10 persen bergantung dari masing masing smartphone/device customer. (Diluar kendali kami)  Jam kerja admin Senin s/d Sabtu 7.00 s/d 16.00 Minggu & Hari Besar Libur (Pengiriman hari sama, asalkan pembayaran sebelum jam 12 siang, dan stok tersedia);85000;300;1;Stock Tersedia;51;Fashion Muslim Wanita;;;Baru;https://cf.shopee.co.id/file/a1028e473e3b38b1dcd6aa5b1b9408ed;;;;;;;
Baju Gamis Wanita Terbaru Gamis Pesta Remaja Gamis Crepe Onde 8212;1889;Favoritkan toko kami untuk memudahkan pencarian barang, update produk BARU DAN PROMO SALE.  Nama/Kode item : 8212 Material : Crepe kombinasi onde LD 100cm Panjang : 135cm  Foto kami semua asli dan sesuai barang, akan tetapi pasti ada perbedaan warna sekitar 10 persen bergantung dari masing masing smartphone/device customer. (Diluar kendali kami)  Jam kerja admin Senin s/d Sabtu 7.00 s/d 16.00 Minggu & Hari Besar Libur (Pengiriman hari sama, asalkan pembayaran sebelum jam 12 siang, dan stok tersedia)  #gamisjumbo #gamispesta #gamisjersey #gamispolos #gamiswanita #bajugamiswanita #gamisbatik #gamismurah #gamisremaja #gamiputih #gamismaxmara;105000;300;1;Stock Tersedia;25;Fashion Muslim Wanita;;;Baru;https://cf.shopee.co.id/file/8dcde92bf6265056861603ffaba719eb;https://cf.shopee.co.id/file/a0eb3ba25266096169a18d27c0e6471f;https://cf.shopee.co.id/file/588cbd86d18ce7b25bc1ac48f8ba6d1d;;;;;
Baju Gamis Wanita Terbaru Gamis Pesta Gamis Polos Babat Crepe Kulit Jeruk 9855;1889;Favoritkan toko kami untuk memudahkan pencarian barang, update produk BARU DAN PROMO SALE.  Nama/Kode item : 9855 Material : Babat (Kulit Jeruk)  Variasi: Motek & Mutiara Di Dada Lingkar Dada: 96cm Panjang Badan: 130cm  Foto kami semua asli dan sesuai barang, akan tetapi pasti ada perbedaan warna sekitar 10 persen bergantung dari masing masing smartphone/device customer. (Diluar kendali kami)  Jam kerja admin Senin s/d Sabtu 7.00 s/d 16.00 Minggu & Hari Besar Libur (Pengiriman hari sama, asalkan pembayaran sebelum jam 12 siang, dan stok tersedia)  #hijab #hitjab #hijablook #hijabwear #hijabfashion #bajumuslim #jualbajumuslim #jualbaju #jualhijabfashion #fashionmuslimah #fashionmuslim #grosirtanahabangjakarta #onlineshop #onlinejakarta #pgmta #grosirsolo #gamisjersey #tanahabang;95000;300;1;Stock Tersedia;21;Fashion Muslim Wanita;;;Baru;https://cf.shopee.co.id/file/7331ae96776d2e50ee8e8d64383e829f;https://cf.shopee.co.id/file/b1e59a47fcc07a55d27582eeb3f7203f;https://cf.shopee.co.id/file/ff2dcccde3bcfebfc3fac3bc27ee22f3;;;;;
Baju Gamis Wanita Terbaru Gamis BCL Gamis Jersey 6874;1889;Favoritkan toko kami untuk memudahkan pencarian barang, update produk BARU DAN PROMO SALE.   Nama/Kode item : 6874 Material : Jersey LD 100cm Panjang : 135cm  Foto kami semua asli dan sesuai barang, akan tetapi pasti ada perbedaan warna sekitar 10 persen bergantung dari masing masing smartphone/device customer. (Diluar kendali kami)  Jam kerja admin Senin s/d Sabtu 7.00 s/d 16.00 Minggu & Hari Besar Libur (Pengiriman hari sama, asalkan pembayaran sebelum jam 12 siang, dan stok tersedia)  #gamisjumbo #gamispesta #gamisjersey #gamispolos #gamiswanita #bajugamiswanita #gamisbatik #gamismurah #gamisremaja #gamiputih #gamismaxmara;75000;300;1;Stock Tersedia;23;Fashion Muslim Wanita;;;Baru;https://cf.shopee.co.id/file/b072a2c7c6f5eefdeaee14843a528594;;;;;;;
Baju Gamis Wanita Terbaru Gamis Jersey Belmont Emboss Gamis Jumbo XXL 6956;1889;Favoritkan toko kami untuk memudahkan pencarian barang, update produk BARU DAN PROMO SALE.  Nama/Kode item : 6956 Material : Jersey Belmont (Berat jatuhnya bagus dan tebal) LD 106cm Panjang : 135cm  Foto kami semua asli dan sesuai barang, akan tetapi pasti ada perbedaan warna sekitar 10 persen bergantung dari masing masing smartphone/device customer. (Diluar kendali kami)  Jam kerja admin Senin s/d Sabtu 7.00 s/d 16.00 Minggu & Hari Besar Libur (Pengiriman hari sama, asalkan pembayaran sebelum jam 12 siang, dan stok tersedia)  #gamisjumbo #gamispesta #gamisjersey #gamispolos #gamiswanita #bajugamiswanita #gamisbatik #gamismurah #gamisremaja #gamiputih #gamismaxmara;100000;300;1;Stock Tersedia;21;Fashion Muslim Wanita;;;Baru;https://cf.shopee.co.id/file/bd26e75192e0692ef495d007e4c1428e;https://cf.shopee.co.id/file/6503facf590097a890c1c51ac46d4c6d;https://cf.shopee.co.id/file/cbffade7507c20ba6e583b57ae28661d;https://cf.shopee.co.id/file/69ba157ee29c2ad8cace2b6816f393d9;https://cf.shopee.co.id/file/7ec64405c51727f295caec38434d718c;;;
BAJU GAMIS WANITA TERBARU GAMIS GAMIS BALOTELLI XL-XXL;1889;Untuk kenyamanan transaksi anda, silahkan membaca 'Catatan & Kebijakan' toko kami.  Favoritkan toko kami untuk memudahkan pencarian barang, update produk BARU DAN PROMO SALE.  Nama/Kode item  Material : Baloteli XL LD 100cm XXL LD 106cm Panjang : 135cm  Foto kami semua asli dan sesuai barang, akan tetapi pasti ada perbedaan warna sekitar 10 persen bergantung dari masing masing smartphone/device customer.  Jam kerja admin Senin s/d Sabtu 7.00 s/d 16.00 Minggu & Hari Besar Libur (Pengiriman hari sama, asalkan pembayaran sebelum jam 12 siang, dan stok tersedia);75000;300;1;Stock Tersedia;51;Fashion Muslim Wanita;;;Baru;https://cf.shopee.co.id/file/c1841c19651c017a7146cc9951c388a4;https://cf.shopee.co.id/file/e43ce15c078700fa3d7a70f4fae5072b;https://cf.shopee.co.id/file/15996b10ad1da7d02b95754c581fcdd0;https://cf.shopee.co.id/file/351defb8b5c2e27b3150152871075d06;;;;
Baju Atasan Tunik Baju Atasan Wanita Terbaru 6890;1881;Untuk kenyamanan transaksi anda, silahkan membaca 'Catatan & Kebijakan' toko kami.  Favoritkan toko kami untuk memudahkan pencarian barang, update produk BARU DAN PROMO SALE.  Bahan: Jersey Belmont Aksesoris Besi V di dada. Lingkar Dada: 96cm Panjang Badan: 88cm Panjang Lengan: 41cm  Foto kami semua asli dan sesuai barang, akan tetapi pasti ada perbedaan warna sekitar 10 persen bergantung dari masing masing smartphone/device customer. (Diluar kendali kami)  Jam kerja admin Senin s/d Sabtu 7.00 s/d 16.00 Minggu & Hari Besar Libur (Pengiriman hari sama, asalkan pembayaran sebelum jam 12 siang, dan stok tersedia)  #gamisjumbo #gamispesta #gamisjersey #gamispolos #gamiswanita #bajugamiswanita #gamisbatik #gamismurah #gamisremaja #gamiputih #gamismaxmara;59000;300;1;Stock Tersedia;34;Fashion Muslim Wanita;;;Baru;https://cf.shopee.co.id/file/9a6c9c7224437250b7027a2ca74f2b8d;https://cf.shopee.co.id/file/42b8da3aa34480fde1cee59fb1a939a3;https://cf.shopee.co.id/file/f6ca5b2de66cdd5b22779ee638f7c7b8;;;;;
Baju Gamis Wanita Terbaru Gamis Busui Gamis Missbee Sleting Depan 8230;1889;Untuk kenyamanan transaksi anda, silahkan membaca 'Catatan & Kebijakan' toko kami. Favoritkan toko kami untuk memudahkan pencarian barang, update produk BARU & PROMO SALE.  Nama/Kode item : 8230 Material : Missbee Ukuran : LD 96cm (fit to XL) P 135cm  Foto kami semua asli dan sesuai barang, akan tetapi pasti ada perbedaan warna sekitar 10 persen bergantung dari masing masing smartphone/device customer. (Diluar kendali kami)  Jam kerja admin Senin s/d Sabtu 7.00 s/d 16.00 Minggu & Hari Besar Libur (Pengiriman hari sama, asalkan pembayaran sebelum jam 12 siang, dan stok tersedia);85000;300;1;Stock Tersedia;60;Fashion Muslim Wanita;;;Baru;https://cf.shopee.co.id/file/0f4a3bd68904ca19c6830303687510ae;https://cf.shopee.co.id/file/35a8ab40103c4f986d3f2424ce5c6bf9;;;;;;
Baju Gamis Wanita Terbaru Gamis Pesta BCL Jersey Belmont 8213;1889;Untuk kenyamanan transaksi anda, silahkan membaca 'Catatan & Kebijakan' toko kami.  Favoritkan toko kami untuk memudahkan pencarian barang, update produk BARU DAN PROMO SALE.  Nama/Kode item : 8213 Material : Jersey Belmont (Berat jatuhnya bagus dan tebal) LD 100cm Panjang : 135cm  Foto kami semua asli dan sesuai barang, akan tetapi pasti ada perbedaan warna sekitar 10 persen bergantung dari masing masing smartphone/device customer. (Diluar kendali kami)  Jam kerja admin Senin s/d Sabtu 7.00 s/d 16.00 Minggu & Hari Besar Libur (Pengiriman hari sama, asalkan pembayaran sebelum jam 12 siang, dan stok tersedia);130000;300;1;Stock Tersedia;21;Fashion Muslim Wanita;;;Baru;https://cf.shopee.co.id/file/45154ba71bc4fa5d582840e36a500d0f;;;;;;;
Baju Gamis Motif Bunga Gamis Jumbo 4L Baju Muslim Terbaru Jersey 6914;1889;Favoritkan toko kami untuk memudahkan pencarian barang, update produk BARU & PROMO SALE.  Nama/Kode item : 6914 Material : Jersey Korea Ukuran : LD 112cm (4L) P 135cm  *Cantumkan size dan warna saat melakukan pemesanan. Tidak mencantumkan size maka dikirim random.  Foto kami semua asli dan sesuai barang, akan tetapi pasti ada perbedaan warna sekitar 10 persen bergantung dari masing masing smartphone/device customer. (Diluar kendali kami)  Jam kerja admin Senin s/d Sabtu 7.00 s/d 16.00 Minggu & Hari Besar Libur (Pengiriman hari sama, asalkan pembayaran sebelum jam 12 siang, dan stok tersedia);65000;300;1;Stock Tersedia;87;Fashion Muslim Wanita;;;Baru;https://cf.shopee.co.id/file/f630f0272fa9df7996c8cb61e7a1fdb5;https://cf.shopee.co.id/file/1f1bb10c26eacf4ee2c705a4f0bca64f;https://cf.shopee.co.id/file/d7c434e1e6bf6813e03d765425134417;https://cf.shopee.co.id/file/6d24710c560b3edb4dac98e88ca4858a;;;;
Baju Gamis Wanita Gamis Jersey Gamis Jumbo 4L & 5L 9755/9756;1889;Favoritkan toko kami untuk memudahkan pencarian barang, update produk BARU DAN PROMO SALE.  Nama/Kode item : 9755/9756 Material : Jersey Korea Ukuran :  4L - LD 112CM 5L - LD 116CM Panjang : 135cm  Foto kami semua asli dan sesuai barang, akan tetapi pasti ada perbedaan warna sekitar 10 persen bergantung dari masing masing smartphone/device customer. (Diluar kendali kami)  Jam kerja admin Senin s/d Sabtu 7.00 s/d 16.00 Minggu & Hari Besar Libur (Pengiriman hari sama, asalkan pembayaran sebelum jam 12 siang, dan stok tersedia);65000;300;1;Stock Tersedia;60;Fashion Muslim Wanita;;;Baru;https://cf.shopee.co.id/file/ecf4a813078f13e72e63a40f79732260;https://cf.shopee.co.id/file/b4b84ca707d6a4522beab227db63c6df;https://cf.shopee.co.id/file/27a5833c6eceb33feac25dfd6dc14b45;https://cf.shopee.co.id/file/25a0de694cc5f3923d2e0f729f99df71;;;;
Baju Gamis Wanita Terbaru Gamis Busui Gamis Missbee Sleting Depan 8229;1889;Untuk kenyamanan transaksi anda, silahkan membaca 'Catatan & Kebijakan' toko kami. Favoritkan toko kami untuk memudahkan pencarian barang, update produk BARU & PROMO SALE.  Nama/Kode item : 8229 Material : Missbee Ukuran : LD 96cm (fit to XL) P 135cm  Foto kami semua asli dan sesuai barang, akan tetapi pasti ada perbedaan warna sekitar 10 persen bergantung dari masing masing smartphone/device customer. (Diluar kendali kami)  Jam kerja admin Senin s/d Sabtu 7.00 s/d 16.00 Minggu & Hari Besar Libur (Pengiriman hari sama, asalkan pembayaran sebelum jam 12 siang, dan stok tersedia);85000;300;1;Stock Tersedia;75;Fashion Muslim Wanita;;;Baru;https://cf.shopee.co.id/file/46f939467988b50eb2a4151900f7c2e3;https://cf.shopee.co.id/file/d07f38d28aeb7fb8f362d878fe5272fc;https://cf.shopee.co.id/file/c1d939a4c0eafe6a804965396f2c5f24;https://cf.shopee.co.id/file/bb9d715492b04471cda47f42d70f8c8d;https://cf.shopee.co.id/file/40ca2c9085aa5f371801d9241a4bc8d8;;;
Baju Gamis Wanita Terbaru Gamis Pesta BCL Jersey Belmont 8197/8221;1889;Untuk kenyamanan transaksi anda, silahkan membaca 'Catatan & Kebijakan' toko kami.  Favoritkan toko kami untuk memudahkan pencarian barang, update produk BARU DAN PROMO SALE.  Nama/Kode item : 8221 Material : Jersey Belmont (Berat jatuhnya bagus dan tebal) LD 100cm Panjang : 135cm  Foto kami semua asli dan sesuai barang, akan tetapi pasti ada perbedaan warna sekitar 10 persen bergantung dari masing masing smartphone/device customer. (Diluar kendali kami);130000;300;1;Stock Tersedia;25;Fashion Muslim Wanita;;;Baru;https://cf.shopee.co.id/file/ea00ea877bae55c3d99fee346c47a7d2;;;;;;;
Baju Gamis Wanita Terbaru Gamis Pesta Gamis Polos Motek Mutiara Babat Crepe Kulit Jeruk 6888;1889;Untuk kenyamanan transaksi anda, silahkan membaca 'Catatan & Kebijakan' toko kami.  Favoritkan toko kami untuk memudahkan pencarian barang, update produk BARU DAN PROMO SALE.  Nama/Kode item : 6888 Material : Babat (Kulit Jeruk)  Variasi: Motek & Mutiara Di Dada Lingkar Dada: 96cm Panjang Badan: 130cm  Foto kami semua asli dan sesuai barang, akan tetapi pasti ada perbedaan warna sekitar 10 persen bergantung dari masing masing smartphone/device customer. (Diluar kendali kami)  Jam kerja admin Senin s/d Sabtu 7.00 s/d 16.00 Minggu & Hari Besar Libur (Pengiriman hari sama, asalkan pembayaran sebelum jam 12 siang, dan stok tersedia)  #hijab #hitjab #hijablook #hijabwear #hijabfashion #bajumuslim #jualbajumuslim #jualbaju #jualhijabfashion #fashionmuslimah #fashionmuslim #grosirtanahabangjakarta #onlineshop #onlinejakarta #pgmta #grosirsolo #gamisjersey #tanahabang;95000;300;1;Stock Tersedia;3;Fashion Muslim Wanita;;;Baru;https://cf.shopee.co.id/file/dd02803ea86d8c328940c5c9f9c3f4be;https://cf.shopee.co.id/file/eefb6af421c7a7acdb3cd78cf979a4c1;https://cf.shopee.co.id/file/c4755213eeb6dacec7a123a96db77ff4;;;;;
Baju Gamis Dewasa Baju Gamis Jumbo Baju Muslim Terbaru Jersey 9790;1889;Favoritkan toko kami untuk memudahkan pencarian barang, update produk BARU DAN PROMO SALE.  Nama/Kode item : 9790 Material : Jersey Korea Ukuran : XXL - LD 106CM 4L - LD 112CM Panjang : 135cm  *Cantumkan size dan warna saat melakukan pemesanan. Tidak mencantumkan size maka dikirim random.  Foto kami semua asli dan sesuai barang, akan tetapi pasti ada perbedaan warna sekitar 10 persen bergantung dari masing masing smartphone/device customer. (Diluar kendali kami)  Jam kerja admin Senin s/d Sabtu 7.00 s/d 16.00 Minggu & Hari Besar Libur (Pengiriman hari sama, asalkan pembayaran sebelum jam 12 siang, dan stok tersedia);65000;300;1;Stock Tersedia;61;Fashion Muslim Wanita;;;Baru;https://cf.shopee.co.id/file/336971efbb885631fa3e52a957702dde;https://cf.shopee.co.id/file/8262b098b2d008e42f6a6d77651dc133;https://cf.shopee.co.id/file/82df8b020c653eb32c00f359f9a2f49c;https://cf.shopee.co.id/file/88d2715d8d6e3e0a02e6a35a0b3ec38f;;;;
Baju Gamis Wanita Terbaru Gamis Jersey Gamis Jumbo Busui XL 7016;1889;Favoritkan toko kami untuk memudahkan pencarian barang, update produk BARU DAN PROMO SALE.   Nama/Kode item : 7016 Material : Jersey LD 100cm Panjang : 135cm  Foto kami semua asli dan sesuai barang, akan tetapi pasti ada perbedaan warna sekitar 10 persen bergantung dari masing masing smartphone/device customer. (Diluar kendali kami)  Jam kerja admin Senin s/d Sabtu 7.00 s/d 16.00 Minggu & Hari Besar Libur (Pengiriman hari sama, asalkan pembayaran sebelum jam 12 siang, dan stok tersedia)  #gamisjumbo #gamispesta #gamisjersey #gamispolos #gamiswanita #bajugamiswanita #gamisbatik #gamismurah #gamisremaja #gamiputih #gamismaxmara;100000;300;1;Stock Tersedia;51;Fashion Muslim Wanita;;;Baru;https://cf.shopee.co.id/file/9a004cf41d813a4e57bd3249d59b8306;https://cf.shopee.co.id/file/d316b43604690952bb8038c1ccbeb063;https://cf.shopee.co.id/file/8238a30446e7ce20508838d44afc7269;;;;;
NEW ARRIVAL! Baju Gamis Wanita Terbaru Gamis Jersey Gamis Jumbo XXL 6968;1889;Untuk kenyamanan transaksi anda, silahkan membaca 'Catatan & Kebijakan' toko kami.  Favoritkan toko kami untuk memudahkan pencarian barang, update produk BARU DAN PROMO SALE.   Nama/Kode item : 6968 Material : Jersey Korea LD 106cm Panjang : 135cm  Foto kami semua asli dan sesuai barang, akan tetapi pasti ada perbedaan warna sekitar 10 persen bergantung dari masing masing smartphone/device customer. (Diluar kendali kami)  Jam kerja admin Senin s/d Sabtu 7.00 s/d 16.00 Minggu & Hari Besar Libur (Pengiriman hari sama, asalkan pembayaran sebelum jam 12 siang, dan stok tersedia)  #gamisjumbo #gamispesta #gamisjersey #gamispolos #gamiswanita #bajugamiswanita #gamisbatik #gamismurah #gamisremaja #gamiputih #gamismaxmara;100000;300;1;Stock Tersedia;42;Fashion Muslim Wanita;;;Baru;https://cf.shopee.co.id/file/120aed41449d1ad424c0df9c7fbf6b1b;https://cf.shopee.co.id/file/358572bd272a4d1ccd9dc6b0e9f456ae;;;;;;
Baju Gamis Modern 2018 Gamis Kanza Bahan Babat Crepe Size M-XXL;1889;Favoritkan toko kami untuk memudahkan pencarian barang, update produk BARU DAN PROMO SALE.  Nama/Kode item  Material : Babat Crepe Size M/L : LD 100cm Size XL/XXL : LD 110cm Panjang : 135cm  Foto kami semua asli dan sesuai barang, akan tetapi pasti ada perbedaan warna sekitar 10 persen bergantung dari masing masing smartphone/device customer. (Diluar kendali kami)  Jam kerja admin Senin s/d Sabtu 7.00 s/d 16.00 Minggu & Hari Besar Libur (Pengiriman hari sama, asalkan pembayaran sebelum jam 12 siang, dan stok tersedia)  #gamisjumbo #gamispesta #gamisjersey #gamispolos #gamiswanita #bajugamiswanita #gamisbatik #gamismurah #gamisremaja #gamiputih;100000;300;1;Stock Tersedia;49;Fashion Muslim Wanita;;;Baru;https://cf.shopee.co.id/file/6c5ffa970eea9694884b0e112014e01d;https://cf.shopee.co.id/file/e628777056d8acc23685e8c9bec77bad;https://cf.shopee.co.id/file/c656b286867d679f729d7405a8743c1a;https://cf.shopee.co.id/file/2dbfbefa0d25f371d7a6b7eae49c18bd;;;;
Gamis Jersey Kombinasi Motek Baju Gamis Wanita Terbaru Gamis Syari Dress Maxi 8189;1889;Gamis Jersey Kombinasi Motek Baju Gamis Wanita Terbaru 8189  Untuk kenyamanan transaksi anda, silahkan membaca 'Catatan & Kebijakan' toko kami.  Favoritkan toko kami untuk memudahkan pencarian barang, update produk BARU & PROMO SALE.  Kode barang:  8189 Detail: Jersey motif kombinasi Jersey Polos Variasi motek Tali pinggang ikat belakang Ld 100cm Pb 135cm   Foto kami semua asli dan sesuai barang, akan tetapi pasti ada perbedaan warna sekitar 10 persen bergantung dari masing masing smartphone/device customer.  Jam kerja admin Senin s/d Sabtu 7.00 s/d 16.00 Minggu & Hari Besar Libur (Pengiriman hari sama, asalkan pembayaran sebelum jam 12 siang, dan stok tersedia);140000;300;1;Stock Tersedia;25;Fashion Muslim Wanita;;;Baru;https://cf.shopee.co.id/file/016fc7d38f134f619d52da106a7c6fee;https://cf.shopee.co.id/file/3ee034d329745192213bc39179a59425;https://cf.shopee.co.id/file/d9caf43509c537be3352282ccb8cdfbd;https://cf.shopee.co.id/file/f7d113b2c7a70b2b8edf6baef9aa2ed2;https://cf.shopee.co.id/file/567b87b2b7b39dabae2eb9db6b23955d;;;
Baju Gamis Wanita Gamis Calvin Jeans Polos Gamis Jumbo 7089;1889;Favoritkan toko kami untuk memudahkan pencarian barang, update produk BARU DAN PROMO SALE.   Nama/Kode item : 7089 Material : Calvin Jeans L-XL LD 100cm XXL-XXXL LD 110cm Panjang : 135cm  Foto kami semua asli dan sesuai barang, akan tetapi pasti ada perbedaan warna sekitar 10 persen bergantung dari masing masing smartphone/device customer.;105000;300;1;Stock Tersedia;76;Fashion Muslim Wanita;;;Baru;https://cf.shopee.co.id/file/f8b4414569589a7b5ec96a13a5d5ce35;https://cf.shopee.co.id/file/2d2e9d7831c2df54d74fb6f6d1ebcd4c;https://cf.shopee.co.id/file/9edc5e3548e58857893147416afba354;https://cf.shopee.co.id/file/a81855ea2572c788339cf48d26cc9611;https://cf.shopee.co.id/file/8d1cc8ec4fc21c59a78791090f0d45c8;;;
Gamis Jersey Belmont Kombinasi Motek Baju Gamis Wanita Terbaru Gamis Syari Dress Maxi 8202;1889;Gamis Jersey Belmont Kombinasi Motek Baju Gamis Wanita Terbaru 8202  Untuk kenyamanan transaksi anda, silahkan membaca 'Catatan & Kebijakan' toko kami.  Favoritkan toko kami untuk memudahkan pencarian barang, update produk BARU & PROMO SALE.  Kode barang: 8202 Detail: Jersey Belmont motif kombinasi Jersey Belmont Polos Variasi motek Tali pinggang ikat belakang Ld 100cm Pb 135cm   Foto kami semua asli dan sesuai barang, akan tetapi pasti ada perbedaan warna sekitar 10 persen bergantung dari masing masing smartphone/device customer.  Jam kerja admin Senin s/d Sabtu 7.00 s/d 16.00 Minggu & Hari Besar Libur (Pengiriman hari sama, asalkan pembayaran sebelum jam 12 siang, dan stok tersedia);140000;300;1;Stock Tersedia;12;Fashion Muslim Wanita;;;Baru;https://cf.shopee.co.id/file/8fc4a3bcbbdebcbd9ee992389bfc5591;;;;;;;
Baju Gamis Wanita Terbaru Gamis Busui Gamis Jersey Sleting Depan 7001;1889;Favoritkan toko kami untuk memudahkan pencarian barang, update produk BARU & PROMO SALE.  Nama/Kode item : 7001 Material : Jersey Ukuran : LD 96cm (fit to XL) P 135cm  Foto kami semua asli dan sesuai barang, akan tetapi pasti ada perbedaan warna sekitar 10 persen bergantung dari masing masing smartphone/device customer. (Diluar kendali kami)  Jam kerja admin Senin s/d Sabtu 7.00 s/d 16.00 Minggu & Hari Besar Libur (Pengiriman hari sama, asalkan pembayaran sebelum jam 12 siang, dan stok tersedia);105000;300;1;Stock Tersedia;28;Fashion Muslim Wanita;;;Baru;https://cf.shopee.co.id/file/c31b6027250d93628906cc78910d27f9;;;;;;;
Baju Atasan Tunik Baju Atasan Wanita Terbaru Tunik Yfia Jumbo 9905;1889;Favoritkan toko kami untuk memudahkan pencarian barang, update produk BARU DAN PROMO SALE.  Kode : Tunik Yafia Matt : Crepe Standar (L) LD 100cm Jumbo (XXL) LD 110cm Panjang 93cm   Foto kami semua asli dan sesuai barang, akan tetapi pasti ada perbedaan warna sekitar 10 persen bergantung dari masing masing smartphone/device customer. (Diluar kendali kami)  Jam kerja admin Senin s/d Sabtu 7.00 s/d 16.00 Minggu & Hari Besar Libur (Pengiriman hari sama, asalkan pembayaran sebelum jam 12 siang, dan stok tersedia);90000;300;1;Stock Tersedia;190;Fashion Muslim Wanita;;;Baru;https://cf.shopee.co.id/file/f55416a4b40571fa2fdd8fd017ef348e;https://cf.shopee.co.id/file/d2903605433f8a6cba8d2e51fcc80f06;https://cf.shopee.co.id/file/602cb21a84724dfb7d3416123c90e26f;https://cf.shopee.co.id/file/96f4a4269608cdc66e94089c8c1c3bd7;https://cf.shopee.co.id/file/a9fd141cb6145f81219bab1bb985818f;;;
Baju Gamis Wanita Gamis Jumbo 4L Bahan Kaos Import 9386;1889;Untuk kenyamanan transaksi anda, silahkan membaca 'Catatan & Kebijakan' toko kami.  Favoritkan toko kami untuk memudahkan pencarian barang, update produk BARU DAN PROMO SALE.  Nama/Kode item : 9386 Material : Kaos Import Ukuran : 4L (LD 112 cm) Panjang : 130cm  Foto kami semua asli dan sesuai barang, akan tetapi pasti ada perbedaan warna sekitar 10 persen bergantung dari masing masing smartphone/device customer. (Diluar kendali kami)  Jam kerja admin Senin s/d Sabtu 7.00 s/d 16.00 Minggu & Hari Besar Libur (Pengiriman hari sama, asalkan pembayaran sebelum jam 12 siang, dan stok tersedia)  #grosir #produklokal #produkindonesia #produksisendiri #produk #bajugrosir #fashionwanita #abgfashion #goodqualityfashion #lokal #grosirbaju #grosirmurah #bajuabg #bajugoodqualitymurah #grosirtanahabang #grosirtanahabangjakarta #shopeefreeongkir #goodseller;65000;300;1;Stock Tersedia;39;Fashion Muslim Wanita;;;Baru;https://cf.shopee.co.id/file/1d22edd72e21e861a6876f30719e55ec;https://cf.shopee.co.id/file/95da15e8846f4f6156817109f5ec9e52;https://cf.shopee.co.id/file/74e939af3efb21147b6cac048de3aac3;https://cf.shopee.co.id/file/2950ee5b4cdd166a365253186c57ef02;;;;
PROMO GAMIS TERMURAH!! Gamis Jumbo 4L Gamis Muslim Bahan Kaos Import 1511;1889;Favoritkan toko kami untuk memudahkan pencarian barang, update produk BARU & PROMO SALE.  Nama/Kode item : 1511 Material : Kaos Import Ukuran : LD 112cm (4L) P 130cm  Foto kami semua asli dan sesuai barang, akan tetapi pasti ada perbedaan warna sekitar 10 persen bergantung dari masing masing smartphone/device customer. (Diluar kendali kami)  Jam kerja admin Senin s/d Sabtu 7.00 s/d 16.00 Minggu & Hari Besar Libur (Pengiriman hari sama, asalkan pembayaran sebelum jam 12 siang, dan stok tersedia);65000;300;1;Stock Tersedia;76;Fashion Muslim Wanita;;;Baru;https://cf.shopee.co.id/file/24676257f27350a0bf7105ca1a8aecb9;;;;;;;